Page URL,Type,Title,Root Cause,Evidence,Recommended Action
/author/deepan-siddhu/,author,Deepan Siddhu,author-no-byline,No writtenBy/reviewedBy frontmatter anywhere in content/ names this author slug,"Assign this person as writtenBy or reviewedBy on a relevant future post, or remove the unused author page"
/author/douglas-ribback/,author,Douglas Ribback,author-no-byline,No writtenBy/reviewedBy frontmatter anywhere in content/ names this author slug,"Assign this person as writtenBy or reviewedBy on a relevant future post, or remove the unused author page"
/author/jithesh-joseph/,author,Jithesh Joseph,author-no-byline,No writtenBy/reviewedBy frontmatter anywhere in content/ names this author slug,"Assign this person as writtenBy or reviewedBy on a relevant future post, or remove the unused author page"
/author/pritesh-vora/,author,Pritesh Vora,author-no-byline,No writtenBy/reviewedBy frontmatter anywhere in content/ names this author slug,"Assign this person as writtenBy or reviewedBy on a relevant future post, or remove the unused author page"
/alternative/leadfeeder-alternatives/,alternative,9 Best Leadfeeder Alternatives in 2026,blocked-compare-bridge,"Mentioned on: best-saas-llmo-agencies.md (1x). This is a neutral 'A vs B' alternative page, but add_interlinks.py's bridge-insert only parses 'piperocket-vs-X' URLs for a competitor name, so it silently never fires here","Extend add_interlinks.py's bridge logic to also handle neutral A-vs-B alternative targets (derive both names from the slug, not just a PipeRocket competitor)"
/research/google-ads-benchmarks/,blog,B2B SaaS Google Ads Benchmarks (2026): Real Data From ~20 Accounts We Manage,blocked-routing-policy,"Mentioned on alternative page(s): opteo-alternatives.md (1x), but ALLOWED_FLOWS in add_interlinks.py doesn't permit a alternative -> service link","Either add a manual link on one of the mentioning pages, or add a ('alternative', 'service') entry to ALLOWED_FLOWS if that flow should be permitted"
/glossary/what-is-brand-positioning/,glossary,What Is Brand Positioning,investigate,"Eligible mention found (kalungi-alternatives.md (1x), saas-go-to-market-strategy.md (1x), best-proptech-marketing-agencies.md (1x)) via an allowed flow, but add_interlinks.py's dry run still didn't wrap it — check word-position gate, per-paragraph dedupe, or protected spans",Run: python3 scripts/add_interlinks.py --slug <mentioning-page-slug> and inspect why
/glossary/what-is-google-tag-manager/,glossary,What Is Google Tag Manager,investigate,"Eligible mention found (ga4-audit-checklist.md (1x), conversion-tracking-checklist.md (2x), best-landing-page-builders-for-saas.md (1x)) via an allowed flow, but add_interlinks.py's dry run still didn't wrap it — check word-position gate, per-paragraph dedupe, or protected spans",Run: python3 scripts/add_interlinks.py --slug <mentioning-page-slug> and inspect why
/glossary/what-is-programmatic-advertising/,glossary,What Is Programmatic Advertising,investigate,"Eligible mention found (best-b2b-advertising-agencies.md (1x), directive-consulting-vs-refine-labs.md (1x), what-is-ssp.md (2x)) via an allowed flow, but add_interlinks.py's dry run still didn't wrap it — check word-position gate, per-paragraph dedupe, or protected spans",Run: python3 scripts/add_interlinks.py --slug <mentioning-page-slug> and inspect why
/glossary/what-is-sem/,glossary,What Is SEM? Paid Search vs Organic for SaaS Growth,investigate,"Eligible mention found (b2b-ppc-experts.md (1x), best-b2b-seo-agencies.md (1x), best-aeo-agency.md (1x)) via an allowed flow, but add_interlinks.py's dry run still didn't wrap it — check word-position gate, per-paragraph dedupe, or protected spans",Run: python3 scripts/add_interlinks.py --slug <mentioning-page-slug> and inspect why
/list/best-cro-tools-saas/,listicle,8 Best CRO Tools for SaaS: An Honest 2026 Review,investigate,"Eligible mention found (mouseflow-alternatives.md (1x), hotjar-alternatives.md (1x), leadpages-alternatives.md (1x)) via an allowed flow, but add_interlinks.py's dry run still didn't wrap it — check word-position gate, per-paragraph dedupe, or protected spans",Run: python3 scripts/add_interlinks.py --slug <mentioning-page-slug> and inspect why
/list/top-b2b-ppc-agencies/,listicle,The Top 10 B2B PPC Agencies You Need to Consider in 2026,investigate,"Eligible mention found (research-methodology.md (2x), b2b-ppc.md (4x), best-affordable-b2b-ppc-agencies.md (9x)) via an allowed flow, but add_interlinks.py's dry run still didn't wrap it — check word-position gate, per-paragraph dedupe, or protected spans",Run: python3 scripts/add_interlinks.py --slug <mentioning-page-slug> and inspect why
/blogs/aeo-performance-metrics-reporting-dashboard/,blog,The 5 AEO Metrics We Actually Report (Most Agencies Can't Show You These),no-linkmap-content,No LINK_MAP anchor phrase has been authored for this target yet,"Add an anchor phrase + target entry to LINK_MAP in scripts/add_interlinks.py, then confirm the phrase actually appears in some source page's body"
/glossary/what-is-employer-branding/,glossary,What Is Employer Branding? The Hiring Team’s Guide,no-linkmap-content,No LINK_MAP anchor phrase has been authored for this target yet,"Add an anchor phrase + target entry to LINK_MAP in scripts/add_interlinks.py, then confirm the phrase actually appears in some source page's body"
/glossary/what-is-meta-ads/,glossary,What Is Meta Ads,no-linkmap-content,No LINK_MAP anchor phrase has been authored for this target yet,"Add an anchor phrase + target entry to LINK_MAP in scripts/add_interlinks.py, then confirm the phrase actually appears in some source page's body"
/glossary/what-is-user-generated-content/,glossary,What Is User Generated Content,no-linkmap-content,No LINK_MAP anchor phrase has been authored for this target yet,"Add an anchor phrase + target entry to LINK_MAP in scripts/add_interlinks.py, then confirm the phrase actually appears in some source page's body"
/case-study/astra-ppc/,case-study,"Scale, Dip, Breakout: How PipeRocket Grew Astra Security's Paid SQLs 48%",no-linkmap-structural,add_interlinks.py's CONTENT_TYPES/LINK_MAP has no entries for case-study pages at all,Author LINK_MAP anchor phrases for this page and add matching source mentions in relevant blogs/listicles (tools/service/case-study aren't wired into the automated interlinking pass yet)
/case-study/atlas-systems-seo/,case-study,12.5x Content Traffic in 3 Quarters: Atlas Systems' Early SEO Growth,no-linkmap-structural,add_interlinks.py's CONTENT_TYPES/LINK_MAP has no entries for case-study pages at all,Author LINK_MAP anchor phrases for this page and add matching source mentions in relevant blogs/listicles (tools/service/case-study aren't wired into the automated interlinking pass yet)
/case-study/devrev-ppc/,case-study,3x Pipeline ROAS: How DevRev Saved a Google Ads Channel That Was About to Be Shut Down,no-linkmap-structural,add_interlinks.py's CONTENT_TYPES/LINK_MAP has no entries for case-study pages at all,Author LINK_MAP anchor phrases for this page and add matching source mentions in relevant blogs/listicles (tools/service/case-study aren't wired into the automated interlinking pass yet)
/case-study/esri/,case-study,+166% AI Search Traffic: How Esri Compounded Organic Growth Year Over Year,no-linkmap-structural,add_interlinks.py's CONTENT_TYPES/LINK_MAP has no entries for case-study pages at all,Author LINK_MAP anchor phrases for this page and add matching source mentions in relevant blogs/listicles (tools/service/case-study aren't wired into the automated interlinking pass yet)
/case-study/qx-accounting/,case-study,+67% Inbound Leads: How QX Scaled Pipeline Across Two Regions at Once,no-linkmap-structural,add_interlinks.py's CONTENT_TYPES/LINK_MAP has no entries for case-study pages at all,Author LINK_MAP anchor phrases for this page and add matching source mentions in relevant blogs/listicles (tools/service/case-study aren't wired into the automated interlinking pass yet)
/about-us/,service,"Built by SaaS operators, not pitch-deck strategists.",no-linkmap-structural,add_interlinks.py's CONTENT_TYPES/LINK_MAP has no entries for service pages at all,Author LINK_MAP anchor phrases for this page and add matching source mentions in relevant blogs/listicles (tools/service/case-study aren't wired into the automated interlinking pass yet)
/careers/,service,Careers,no-linkmap-structural,add_interlinks.py's CONTENT_TYPES/LINK_MAP has no entries for service pages at all,Author LINK_MAP anchor phrases for this page and add matching source mentions in relevant blogs/listicles (tools/service/case-study aren't wired into the automated interlinking pass yet)
/checklists/cro-checklist/,service,The CRO Checklist for 2026 (Download PDF + Excel),no-linkmap-structural,add_interlinks.py's CONTENT_TYPES/LINK_MAP has no entries for service pages at all,Author LINK_MAP anchor phrases for this page and add matching source mentions in relevant blogs/listicles (tools/service/case-study aren't wired into the automated interlinking pass yet)
/checklists/saas-lead-generation-checklist/,service,The SaaS Lead Generation Checklist for 2026 (Download PDF + Excel),no-linkmap-structural,add_interlinks.py's CONTENT_TYPES/LINK_MAP has no entries for service pages at all,Author LINK_MAP anchor phrases for this page and add matching source mentions in relevant blogs/listicles (tools/service/case-study aren't wired into the automated interlinking pass yet)
/faqs/,service,Frequently asked questions,no-linkmap-structural,add_interlinks.py's CONTENT_TYPES/LINK_MAP has no entries for service pages at all,Author LINK_MAP anchor phrases for this page and add matching source mentions in relevant blogs/listicles (tools/service/case-study aren't wired into the automated interlinking pass yet)
/insurancetech-marketing-agency/,service,AI-First B2B InsurTech Marketing Agency | PipeRocket Digital,no-linkmap-structural,add_interlinks.py's CONTENT_TYPES/LINK_MAP has no entries for service pages at all,Author LINK_MAP anchor phrases for this page and add matching source mentions in relevant blogs/listicles (tools/service/case-study aren't wired into the automated interlinking pass yet)
/partnership/,service,Partnership Program,no-linkmap-structural,add_interlinks.py's CONTENT_TYPES/LINK_MAP has no entries for service pages at all,Author LINK_MAP anchor phrases for this page and add matching source mentions in relevant blogs/listicles (tools/service/case-study aren't wired into the automated interlinking pass yet)
/reviews/,service,PipeRocket Reviews,no-linkmap-structural,add_interlinks.py's CONTENT_TYPES/LINK_MAP has no entries for service pages at all,Author LINK_MAP anchor phrases for this page and add matching source mentions in relevant blogs/listicles (tools/service/case-study aren't wired into the automated interlinking pass yet)
/saas-ppc/faqs/,service,SaaS PPC Agency - FAQs,no-linkmap-structural,add_interlinks.py's CONTENT_TYPES/LINK_MAP has no entries for service pages at all,Author LINK_MAP anchor phrases for this page and add matching source mentions in relevant blogs/listicles (tools/service/case-study aren't wired into the automated interlinking pass yet)
/saas-seo-agency/faqs/,service,SaaS SEO Agency - FAQs,no-linkmap-structural,add_interlinks.py's CONTENT_TYPES/LINK_MAP has no entries for service pages at all,Author LINK_MAP anchor phrases for this page and add matching source mentions in relevant blogs/listicles (tools/service/case-study aren't wired into the automated interlinking pass yet)
/schedule-a-demo/,service,Schedule a Demo,no-linkmap-structural,add_interlinks.py's CONTENT_TYPES/LINK_MAP has no entries for service pages at all,Author LINK_MAP anchor phrases for this page and add matching source mentions in relevant blogs/listicles (tools/service/case-study aren't wired into the automated interlinking pass yet)
/webinar-pritesh/,service,Webinar with Pritesh,no-linkmap-structural,add_interlinks.py's CONTENT_TYPES/LINK_MAP has no entries for service pages at all,Author LINK_MAP anchor phrases for this page and add matching source mentions in relevant blogs/listicles (tools/service/case-study aren't wired into the automated interlinking pass yet)
/tools/ai-agent-readiness-checker/,tool,AI Agent Readiness Checker for B2B SaaS Websites,no-linkmap-structural,add_interlinks.py's CONTENT_TYPES/LINK_MAP has no entries for tool pages at all,Author LINK_MAP anchor phrases for this page and add matching source mentions in relevant blogs/listicles (tools/service/case-study aren't wired into the automated interlinking pass yet)
/tools/burn-rate-calculator/,tool,Burn Rate Calculator for SaaS Startups (Free),no-linkmap-structural,add_interlinks.py's CONTENT_TYPES/LINK_MAP has no entries for tool pages at all,Author LINK_MAP anchor phrases for this page and add matching source mentions in relevant blogs/listicles (tools/service/case-study aren't wired into the automated interlinking pass yet)
/tools/rule-of-40-calculator/,tool,Rule of 40 Calculator for SaaS,no-linkmap-structural,add_interlinks.py's CONTENT_TYPES/LINK_MAP has no entries for tool pages at all,Author LINK_MAP anchor phrases for this page and add matching source mentions in relevant blogs/listicles (tools/service/case-study aren't wired into the automated interlinking pass yet)
/tools/saas-valuation-calculator/,tool,SaaS Valuation Calculator (ARR Multiple) for B2B SaaS,no-linkmap-structural,add_interlinks.py's CONTENT_TYPES/LINK_MAP has no entries for tool pages at all,Author LINK_MAP anchor phrases for this page and add matching source mentions in relevant blogs/listicles (tools/service/case-study aren't wired into the automated interlinking pass yet)
/alternative/copy-ai-alternatives/,alternative,7 Best Copy.ai Alternatives in 2026 (Compared),no-natural-anchor,"LINK_MAP anchors ['Copy.ai alternatives', 'Copy Ai alternatives', 'Copy Ai'] exist but never occur on any OTHER page's body text",Hand-write a bridging sentence on a topically related page rather than relying on the automatic phrase-wrap (there's no natural mention to wrap)
/compare/clearbit-vs-lusha/,compare,Clearbit vs Lusha,no-natural-anchor,LINK_MAP anchors ['Clearbit vs Lusha'] exist but never occur on any OTHER page's body text,Hand-write a bridging sentence on a topically related page rather than relying on the automatic phrase-wrap (there's no natural mention to wrap)
/list/best-b2b-demand-generation-agencies/,listicle,The 11 Best B2B Demand Generation Agencies in 2026,no-natural-anchor,"LINK_MAP anchors ['best b2b demand generation agencies', 'top b2b demand generation agencies', 'B2B Demand Generation Agencies'] exist but never occur on any OTHER page's body text",Hand-write a bridging sentence on a topically related page rather than relying on the automatic phrase-wrap (there's no natural mention to wrap)
/list/best-b2b-lead-generation-companies/,listicle,Ranking The Top 8 B2B Lead Generation Agencies in 2026,no-natural-anchor,"LINK_MAP anchors ['best b2b lead generation agencies', 'top b2b lead generation agencies', 'B2B Lead Generation Agencies'] exist but never occur on any OTHER page's body text",Hand-write a bridging sentence on a topically related page rather than relying on the automatic phrase-wrap (there's no natural mention to wrap)
/list/best-edtech-marketing-agencies/,listicle,The 7 Best Edtech Marketing Agencies in 2026 (Honest Review),no-natural-anchor,"LINK_MAP anchors ['best edtech marketing agencies', 'top edtech marketing agencies', 'Edtech Marketing Agencies'] exist but never occur on any OTHER page's body text",Hand-write a bridging sentence on a topically related page rather than relying on the automatic phrase-wrap (there's no natural mention to wrap)
/list/best-paid-social-agencies/,listicle,9 Best Paid Social Agencies: An Honest 2026 Review,no-natural-anchor,LINK_MAP anchors ['Paid social agencies'] exist but never occur on any OTHER page's body text,Hand-write a bridging sentence on a topically related page rather than relying on the automatic phrase-wrap (there's no natural mention to wrap)
/list/best-reddit-ads-agencies/,listicle,9 Best Reddit Ads Agencies: An Honest 2026 Review,no-natural-anchor,LINK_MAP anchors ['Reddit Ads agencies'] exist but never occur on any OTHER page's body text,Hand-write a bridging sentence on a topically related page rather than relying on the automatic phrase-wrap (there's no natural mention to wrap)
/list/best-saas-growth-marketing-agencies/,listicle,9 Best SaaS Growth Marketing Agencies (2026),no-natural-anchor,"LINK_MAP anchors ['best saas growth marketing agencies', 'top saas growth marketing agencies', 'SaaS Growth Marketing Agencies'] exist but never occur on any OTHER page's body text",Hand-write a bridging sentence on a topically related page rather than relying on the automatic phrase-wrap (there's no natural mention to wrap)
/list/best-technical-seo-agencies/,listicle,The 9 Best Technical SEO Agencies for 2026,no-natural-anchor,"LINK_MAP anchors ['best technical seo agencies', 'top technical seo agencies', 'Technical SEO Agencies'] exist but never occur on any OTHER page's body text",Hand-write a bridging sentence on a topically related page rather than relying on the automatic phrase-wrap (there's no natural mention to wrap)
/list/top-fintech-marketing-agencies/,listicle,Best Fintech Marketing Agencies in 2026,no-natural-anchor,"LINK_MAP anchors ['best fintech marketing agencies', 'top fintech marketing agencies', 'Fintech Marketing Agencies'] exist but never occur on any OTHER page's body text",Hand-write a bridging sentence on a topically related page rather than relying on the automatic phrase-wrap (there's no natural mention to wrap)
